{
  "Tech": [
    {
      "id": 1,
      "titulo": "HyperDash",
      "descricao": "Um dash diagonal pra baixo seguido por um pulo.",
      "exemplo": "../Exemplos/tank1.jpg",
      "autor": "Autor Desconhecido",
      "ano": "1234",
      "pais": "asdf" 
    },
    {
      "id": 2,
      "titulo": "SuperDash",
      "descricao": "Um dash na horizontal seguido por um pulo.",
      "exemplo": "../Exemplos/tank2.jpg",
      "autor": "Autor Desconhecido",
      "ano": "1234",
      "pais": "asdf" 
    },
    {
      "id": 3,
      "titulo": "UltraDash",
      "descricao": "Um hyperdash seguido por outro hyperdash logo em seguida.",
      "exemplo": "../Exemplos/tank3.jpg",
      "autor": "Autor Desconhecido",
      "ano": "1234",
      "pais": "asdf" 
    }
  ]
}